{
  "links" : [ {
    "__controlPoints" : [ 61.56908371012889, 81.95008823867428 ],
    "__indexColor" : "#480016",
    "__photons" : [ {
      "__progressRatio" : 0.9700000000000013
    } ],
    "curvature" : 0.6,
    "index" : 0,
    "source" : {
      "__indexColor" : "#ec0001",
      "color" : "#a6cee3",
      "group" : 0,
      "id" : "Life",
      "index" : 0,
      "vx" : -0.07809756446859802,
      "vy" : 0.7406129897878162,
      "x" : 50.714226862412666,
      "y" : 59.078345224120234
    },
    "target" : {
      "__indexColor" : "#d80002",
      "color" : "#1f78b4",
      "group" : 1,
      "id" : "Testing",
      "index" : 1,
      "vx" : 0.9540313103896961,
      "vy" : -1.4427670548144036,
      "x" : 37.11485410032362,
      "y" : 88.50258393872149
    },
    "value" : 1
  }, {
    "__controlPoints" : [ -98.20463349802382, -223.27256270872968, -56.204633498023824, -181.27256270872968 ],
    "__indexColor" : "#340017",
    "__photons" : [ {
      "__progressRatio" : 0.9700000000000013
    } ],
    "curvature" : 0.6,
    "index" : 1,
    "source" : {
      "__indexColor" : "#b00004",
      "color" : "#1f78b4",
      "group" : 1,
      "id" : "Testing",
      "index" : 2,
      "vx" : 2.1458265115025266,
      "vy" : 14.44883021390737,
      "x" : -98.20463349802382,
      "y" : -181.27256270872968
    },
    "target" : {
      "__indexColor" : "#b00004",
      "color" : "#1f78b4",
      "group" : 1,
      "id" : "Testing",
      "index" : 2,
      "vx" : -2.4542933834453664,
      "vy" : -15.196386886867993,
      "x" : -98.20463349802382,
      "y" : -181.27256270872968
    },
    "value" : 1
  }, {
    "__controlPoints" : [ 51.765967401325995, 33.872342860673506 ],
    "__indexColor" : "#200018",
    "__photons" : [ {
      "__progressRatio" : 0.9700000000000013
    } ],
    "curvature" : 0.6,
    "index" : 2,
    "source" : {
      "__indexColor" : "#ec0001",
      "color" : "#a6cee3",
      "group" : 0,
      "id" : "Life",
      "index" : 0,
      "vx" : 0.6340175466347964,
      "vy" : -0.15608617426933155,
      "x" : 50.714226862412666,
      "y" : 59.078345224120234
    },
    "target" : {
      "__indexColor" : "#880006",
      "color" : "#1f78b4",
      "group" : 1,
      "id" : "Testing",
      "index" : 3,
      "vx" : -1.121221593103512,
      "vy" : 1.3370208160229027,
      "x" : 76.36909848130561,
      "y" : 39.45218643989831
    },
    "value" : 1
  }, {
    "__controlPoints" : [ -96.23211314719975, -81.02380596888148, -54.232113147199755, -39.02380596888147 ],
    "__indexColor" : "#0c0019",
    "__photons" : [ {
      "__progressRatio" : 0.9700000000000013
    } ],
    "curvature" : 0.6,
    "index" : 3,
    "source" : {
      "__indexColor" : "#600008",
      "color" : "#1f78b4",
      "group" : 1,
      "id" : "Testing",
      "index" : 4,
      "vx" : 14.21119691699377,
      "vy" : 3.389857772467818,
      "x" : -96.23211314719975,
      "y" : -39.02380596888147
    },
    "target" : {
      "__indexColor" : "#600008",
      "color" : "#1f78b4",
      "group" : 1,
      "id" : "Testing",
      "index" : 4,
      "vx" : -14.963178423375886,
      "vy" : -3.599836319495746,
      "x" : -96.23211314719975,
      "y" : -39.02380596888147
    },
    "value" : 1
  }, {
    "__controlPoints" : [ 25.361426770966204, 58.561731734478144 ],
    "__indexColor" : "#f8001a",
    "__photons" : [ {
      "__progressRatio" : 0.9700000000000013
    } ],
    "curvature" : 0.6,
    "index" : 4,
    "source" : {
      "__indexColor" : "#ec0001",
      "color" : "#a6cee3",
      "group" : 0,
      "id" : "Life",
      "index" : 0,
      "vx" : -0.21163090642027552,
      "vy" : -0.28857240025944286,
      "x" : 50.714226862412666,
      "y" : 59.078345224120234
    },
    "target" : {
      "__indexColor" : "#38000a",
      "color" : "#1f78b4",
      "group" : 1,
      "id" : "Testing",
      "index" : 5,
      "vx" : 1.2663373020487716,
      "vy" : 1.6893154527501784,
      "x" : 30.441387596940572,
      "y" : 33.71771112626954
    },
    "value" : 1
  }, {
    "__controlPoints" : [ -33.65675095338955, -0.05658382486149094, 8.343249046610453, 41.94341617513851 ],
    "__indexColor" : "#e4001b",
    "__photons" : [ {
      "__progressRatio" : 0.9700000000000013
    } ],
    "curvature" : 0.6,
    "index" : 5,
    "source" : {
      "__indexColor" : "#fc000d",
      "color" : "#1f78b4",
      "group" : 1,
      "id" : "Testing",
      "index" : 6,
      "vx" : -8.608168256168717,
      "vy" : -12.288438757877875,
      "x" : -33.65675095338955,
      "y" : 41.94341617513851
    },
    "target" : {
      "__indexColor" : "#fc000d",
      "color" : "#1f78b4",
      "group" : 1,
      "id" : "Testing",
      "index" : 6,
      "vx" : 8.4530908935636,
      "vy" : 12.38773266772368,
      "x" : -33.65675095338955,
      "y" : 41.94341617513851
    },
    "value" : 1
  } ],
  "nodes" : [ {
    "__indexColor" : "#d4000f",
    "color" : "#a6cee3",
    "group" : 0,
    "id" : "Life",
    "index" : 0,
    "vx" : 0.004773451092017804,
    "vy" : 0.004242132098497709,
    "x" : 141.51773945393208,
    "y" : 135.63687534363547
  }, {
    "__indexColor" : "#c00010",
    "color" : "#1f78b4",
    "group" : 1,
    "id" : "Testing",
    "index" : 1,
    "vx" : -0.0011300867096820314,
    "vy" : 0.008201700202310336,
    "x" : 11.456765249760602,
    "y" : 273.3775495156968
  }, {
    "__indexColor" : "#ac0011",
    "color" : "#1f78b4",
    "group" : 1,
    "id" : "Testing",
    "index" : 2,
    "vx" : -0.0022355766735926252,
    "vy" : -0.006790772951429106,
    "x" : -141.74645140274282,
    "y" : -306.535183642105
  }, {
    "__indexColor" : "#980012",
    "color" : "#1f78b4",
    "group" : 1,
    "id" : "Testing",
    "index" : 3,
    "vx" : 0.007868465233190722,
    "vy" : -0.002083379636436422,
    "x" : 252.53362860971333,
    "y" : -14.6410162038202
  }, {
    "__indexColor" : "#840013",
    "color" : "#1f78b4",
    "group" : 1,
    "id" : "Testing",
    "index" : 4,
    "vx" : -0.007197552677415561,
    "vy" : -0.001240262467067631,
    "x" : -225.40393596330628,
    "y" : -69.73122373481822
  }, {
    "__indexColor" : "#700014",
    "color" : "#1f78b4",
    "group" : 1,
    "id" : "Testing",
    "index" : 5,
    "vx" : 0.0016542485902018753,
    "vy" : -0.004811913083706821,
    "x" : 31.342343748928503,
    "y" : -85.41566795843461
  }, {
    "__indexColor" : "#5c0015",
    "color" : "#1f78b4",
    "group" : 1,
    "id" : "Testing",
    "index" : 6,
    "vx" : -0.0038450787987933783,
    "vy" : 0.0027141455822433146,
    "x" : -69.70020182622945,
    "y" : 67.30889832959018
  } ]
}
